Transaction ID,Walmart Transaction
Trans1,"Mainstays Microfiber Sheet Set, Great Value LED Light Bulb"
Trans2,"Mainstays Microfiber Sheet Set, Great Value LED Light Bulb, Ozark Trail Camping Chair, Equate Hand Sanitizer"
Trans3,"Mainstays Microfiber Sheet Set, Great Value LED Light Bulb, Ozark Trail Camping Chair, Equate Hand Sanitizer, Parents Choice Diapers, Onn. Full-Motion Articulating TV Wall Mount"
Trans4,"Mainstays Microfiber Sheet Set, Great Value LED Light Bulb, Ozark Trail Camping Chair, Equate Hand Sanitizer, Parents Choice Diapers, Onn. Full-Motion Articulating TV Wall Mount, Athletic Works Womens Active Core Legging, George Mens Regular Fit Jean"
Trans5,"Mainstays Microfiber Sheet Set, Great Value LED Light Bulb, Ozark Trail Camping Chair, Equate Hand Sanitizer, Parents Choice Diapers, Onn. Full-Motion Articulating TV Wall Mount, Athletic Works Womens Active Core Legging, George Mens Regular Fit Jean, Mainstays 71"" 5-Shelf Bookcase, Hyper Tough 20V Max Cordless Drill"
Trans6,"Mainstays Microfiber Sheet Set, Great Value LED Light Bulb, Ozark Trail Camping Chair, Equate Hand Sanitizer, Parents Choice Diapers, Onn. Full-Motion Articulating TV Wall Mount, Athletic Works Womens Active Core Legging, George Mens Regular Fit Jean, Mainstays 71"" 5-Shelf Bookcase, Hyper Tough 20V Max Cordless Drill"
Trans7,"Mainstays Microfiber Sheet Set, Great Value LED Light Bulb, Ozark Trail Camping Chair, Equate Hand Sanitizer, Parents Choice Diapers, Onn. Full-Motion Articulating TV Wall Mount, Athletic Works Womens Active Core Legging, George Mens Regular Fit Jean, Mainstays 71"" 5-Shelf Bookcase, Hyper Tough 20V Max Cordless Drill"
Trans8,"Mainstays Microfiber Sheet Set, Great Value LED Light Bulb, Ozark Trail Camping Chair, Equate Hand Sanitizer, Parents Choice Diapers, Onn. Full-Motion Articulating TV Wall Mount, Athletic Works Womens Active Core Legging, George Mens Regular Fit Jean, Mainstays 71"" 5-Shelf Bookcase, Hyper Tough 20V Max Cordless Drill"
Trans9,"Mainstays Microfiber Sheet Set, Great Value LED Light Bulb, Ozark Trail Camping Chair, Equate Hand Sanitizer, Parents Choice Diapers, Onn. Full-Motion Articulating TV Wall Mount, Athletic Works Womens Active Core Legging, George Mens Regular Fit Jean, Mainstays 71"" 5-Shelf Bookcase, Hyper Tough 20V Max Cordless Drill"
Trans10,"Mainstays Microfiber Sheet Set, Great Value LED Light Bulb, Ozark Trail Camping Chair, Equate Hand Sanitizer, Parents Choice Diapers, Onn. Full-Motion Articulating TV Wall Mount, Athletic Works Womens Active Core Legging, George Mens Regular Fit Jean, Mainstays 71"" 5-Shelf Bookcase, Hyper Tough 20V Max Cordless Drill"
Trans11,"Mainstays Microfiber Sheet Set, Great Value LED Light Bulb, Ozark Trail Camping Chair, Equate Hand Sanitizer, Parents Choice Diapers, Onn. Full-Motion Articulating TV Wall Mount, Athletic Works Womens Active Core Legging, George Mens Regular Fit Jean, Mainstays 71"" 5-Shelf Bookcase, Hyper Tough 20V Max Cordless Drill"
Trans12,"Mainstays Microfiber Sheet Set, Great Value LED Light Bulb, Ozark Trail Camping Chair, Equate Hand Sanitizer, Parents Choice Diapers, Onn. Full-Motion Articulating TV Wall Mount, Athletic Works Womens Active Core Legging, George Mens Regular Fit Jean, Mainstays 71"" 5-Shelf Bookcase, Hyper Tough 20V Max Cordless Drill"
Trans13,"Mainstays Microfiber Sheet Set, Great Value LED Light Bulb, Ozark Trail Camping Chair, Equate Hand Sanitizer, Parents Choice Diapers, Onn. Full-Motion Articulating TV Wall Mount, Athletic Works Womens Active Core Legging, George Mens Regular Fit Jean, Mainstays 71"" 5-Shelf Bookcase, Hyper Tough 20V Max Cordless Drill"
Trans14,"Mainstays Microfiber Sheet Set, Great Value LED Light Bulb, Ozark Trail Camping Chair, Equate Hand Sanitizer, Parents Choice Diapers, Onn. Full-Motion Articulating TV Wall Mount, Athletic Works Womens Active Core Legging, George Mens Regular Fit Jean, Mainstays 71"" 5-Shelf Bookcase, Hyper Tough 20V Max Cordless Drill"
Trans15,"Mainstays Microfiber Sheet Set, Great Value LED Light Bulb, Ozark Trail Camping Chair, Equate Hand Sanitizer, Parents Choice Diapers, Onn. Full-Motion Articulating TV Wall Mount, Athletic Works Womens Active Core Legging, George Mens Regular Fit Jean, Mainstays 71"" 5-Shelf Bookcase, Hyper Tough 20V Max Cordless Drill"
Trans16,"Mainstays Microfiber Sheet Set, Great Value LED Light Bulb, Ozark Trail Camping Chair, Equate Hand Sanitizer, Parents Choice Diapers, Onn. Full-Motion Articulating TV Wall Mount, Athletic Works Womens Active Core Legging, George Mens Regular Fit Jean, Mainstays 71"" 5-Shelf Bookcase, Hyper Tough 20V Max Cordless Drill"
Trans17,"Mainstays Microfiber Sheet Set, Great Value LED Light Bulb, Ozark Trail Camping Chair, Equate Hand Sanitizer, Parents Choice Diapers, Onn. Full-Motion Articulating TV Wall Mount, Athletic Works Womens Active Core Legging, George Mens Regular Fit Jean, Mainstays 71"" 5-Shelf Bookcase, Hyper Tough 20V Max Cordless Drill"
Trans18,"Mainstays Microfiber Sheet Set, Great Value LED Light Bulb, Ozark Trail Camping Chair, Equate Hand Sanitizer, Parents Choice Diapers, Onn. Full-Motion Articulating TV Wall Mount, Athletic Works Womens Active Core Legging, George Mens Regular Fit Jean, Mainstays 71"" 5-Shelf Bookcase, Hyper Tough 20V Max Cordless Drill"
Trans19,"Mainstays Microfiber Sheet Set, Great Value LED Light Bulb, Ozark Trail Camping Chair, Equate Hand Sanitizer, Parents Choice Diapers, Onn. Full-Motion Articulating TV Wall Mount, Athletic Works Womens Active Core Legging, George Mens Regular Fit Jean, Mainstays 71"" 5-Shelf Bookcase, Hyper Tough 20V Max Cordless Drill"
Trans20,"Mainstays Microfiber Sheet Set, Great Value LED Light Bulb, Ozark Trail Camping Chair, Equate Hand Sanitizer, Parents Choice Diapers, Onn. Full-Motion Articulating TV Wall Mount, Athletic Works Womens Active Core Legging, George Mens Regular Fit Jean, Mainstays 71"" 5-Shelf Bookcase, Hyper Tough 20V Max Cordless Drill"
