Transaction ID,Wayfair Transaction
Trans1,Wayfair Basics 1800 Series Sheet Set
Trans2,"Wayfair Basics 1800 Series Sheet Set, Amherst Upholstered Platform Bed, Landen Hand-Tufted Silver/Ivory Area Rug"
Trans3,"Wayfair Basics 1800 Series Sheet Set, Amherst Upholstered Platform Bed, Landen Hand-Tufted Silver/Ivory Area Rug, Kearney Sectional, Gold Flamingo Anna Maria Desk"
Trans4,"Wayfair Basics 1800 Series Sheet Set, Amherst Upholstered Platform Bed, Landen Hand-Tufted Silver/Ivory Area Rug, Kearney Sectional, Gold Flamingo Anna Maria Desk, Three Posts Teen Northampt Reversible Quilt Set, Mercury Row Wiersma End Table"
Trans5,"Wayfair Basics 1800 Series Sheet Set, Amherst Upholstered Platform Bed, Landen Hand-Tufted Silver/Ivory Area Rug, Kearney Sectional, Gold Flamingo Anna Maria Desk, Three Posts Teen Northampt Reversible Quilt Set, Mercury Row Wiersma End Table, Andover Mills Liesel Comforter Set, Greyleigh Dorset Ivory/Fuchsia Indoor Area Rug"
Trans6,Wayfair Basics 1800 Series Sheet Set
Trans7,Wayfair Basics 1800 Series Sheet Set
Trans8,Wayfair Basics 1800 Series Sheet Set
Trans9,Wayfair Basics 1800 Series Sheet Set
Trans10,Wayfair Basics 1800 Series Sheet Set
Trans11,Wayfair Basics 1800 Series Sheet Set
Trans12,Wayfair Basics 1800 Series Sheet Set
Trans13,Wayfair Basics 1800 Series Sheet Set
Trans14,Wayfair Basics 1800 Series Sheet Set
Trans15,Wayfair Basics 1800 Series Sheet Set
Trans16,Wayfair Basics 1800 Series Sheet Set
Trans17,Wayfair Basics 1800 Series Sheet Set
Trans18,Wayfair Basics 1800 Series Sheet Set
Trans19,Wayfair Basics 1800 Series Sheet Set
Trans20,Wayfair Basics 1800 Series Sheet Set
